id	keyword	occurrences	total link strength
31	agent	19	21
76	ba模型	20	29
596	sirs模型	18	18
598	sir模型	24	35
703	“一带一路”	19	17
954	中国	22	33
998	中心性	31	50
1185	互信息	16	25
1274	交通工程	32	51
1290	交通网络	20	26
1305	产业关联	15	15
1347	产业集群	20	24
1433	介数	34	51
1484	仿真	65	101
1585	传播	18	31
1589	传播动力学	25	31
1603	传播模型	24	31
1729	作战体系	20	27
1770	供应链	20	33
1779	供应链网络	19	28
1862	信息传播	41	61
1919	信息熵	15	19
2064	免疫策略	15	23
2145	公交网络	20	41
2263	关联规则	17	32
2310	关键节点	45	60
2556	分形	17	26
2565	分形维数	15	20
2639	创新扩散	15	16
2650	创新网络	16	15
2759	加权复杂网络	24	17
2785	加权网络	59	91
2860	动态演化	15	23
3303	可视化	25	32
3328	可靠性	37	55
3386	同步	84	96
3553	国际贸易	18	30
3603	图论	27	35
3724	城市交通	33	51
3770	城市群	17	24
3777	城市轨道交通	26	33
3893	复杂产品	21	11
3925	复杂动态网络	37	30
3957	复杂性	35	40
4014	复杂系统	53	50
4021	复杂网络	3562	2993
4027	复杂网络分析	65	24
4047	复杂网络模型	21	9
4056	复杂网络理论	151	111
4065	复杂网络系统	17	12
4206	多层网络	15	16
4210	多属性决策	18	22
4358	大数据	53	60
4668	小世界	65	132
4671	小世界效应	25	49
4673	小世界特性	15	30
4679	小世界网络	93	151
4708	局域世界	22	33
4793	层次结构	15	23
4920	幂律	15	31
4921	幂律分布	62	90
4968	平均路径长度	16	40
5051	度	20	39
5060	度分布	88	156
5097	建模	20	34
5271	微博	23	39
5560	抗毁性	99	148
5590	拓扑	17	37
5626	拓扑结构	122	192
5849	攻击策略	26	50
5899	故障诊断	31	21
5973	数据挖掘	96	121
6133	无尺度	19	36
6139	无尺度网络	18	27
6145	无标度	68	150
6154	无标度特性	23	40
6155	无标度网络	118	176
6163	无线传感器网络	21	23
6208	时滞	34	46
6238	时间序列	27	28
6310	智能电网	15	20
6376	最小生成树	18	26
6391	最短路径	27	34
6546	机器学习	23	31
6677	标签传播	24	49
6818	模块度	65	121
6833	模型	21	29
7197	深度学习	19	13
7237	混沌	18	17
7240	混沌同步	20	14
7320	演化	37	49
7328	演化博弈	31	37
7335	演化模型	52	92
7529	牵制控制	26	36
7766	用药规律	54	69
7797	电力系统	37	48
7906	病毒传播	27	31
7993	相似度	25	40
8017	相依网络	15	23
8052	相继故障	20	25
8091	知识传播	15	20
8140	知识网络	23	26
8242	社交网络	58	93
8288	社会网络	62	50
8289	社会网络分析	45	37
8310	社区划分	25	26
8313	社区发现	128	183
8322	社区挖掘	15	21
8326	社区检测	21	21
8334	社区结构	41	54
8355	社团划分	31	53
8358	社团发现	48	56
8376	社团结构	159	214
8410	神经网络	24	13
8537	稳定性	48	55
8615	空间结构	15	21
8824	系统性风险	26	31
8877	级联失效	86	117
8881	级联故障	22	36
9019	结构洞	24	34
9159	网络	27	21
9196	网络分析	23	19
9297	网络拓扑	28	39
9318	网络效率	30	53
9348	网络模型	29	40
9365	网络演化	30	37
9395	网络科学	24	27
9415	网络结构	71	76
9443	网络舆情	23	18
9623	聚类	33	51
9625	聚类分析	21	24
9638	聚类系数	40	78
9646	聚集系数	22	33
9671	股票市场	21	30
9741	脆弱性	91	151
9777	脑功能网络	16	13
9901	自适应控制	20	24
9962	航空网络	17	31
10007	节点中心性	15	21
10049	节点度	15	31
10059	节点影响力	23	33
10126	节点重要度	43	52
10132	节点重要性	81	116
10567	谣言传播	15	19
10585	谱聚类	16	20
10596	贝叶斯网络	26	15
10719	超图	27	53
10734	超网络	51	74
10812	路由策略	20	19
10884	软件网络	16	17
11108	连通性	23	39
11118	连锁故障	48	80
11240	遗传算法	28	32
11293	配伍规律	15	22
11315	重叠社区	47	91
11316	重叠社区发现	17	13
11487	链接预测	21	30
11495	链路预测	98	118
11610	随机游走	23	31
11622	随机网络	16	32
11899	预测	16	16
11947	风险传染	20	22
11984	风险评估	29	32
12117	鲁棒性	124	187
